{
  "dns_resolution": 0.0,
  "tcp_connection": 0.0,
  "system_resources": {
    "cpu_percent": 5.0,
    "memory_percent": 70.2,
    "disk_percent": 92.7
  },
  "database_connection": null,
  "redis_connection": 0.0,
  "http_components": [
    2.087594509124756,
    2.0596179962158203
  ],
  "flask_internals": [
    0.03350186347961426,
    0.0
  ],
  "network_latency": [
    0.0724639892578125,
    0.2874629497528076
  ]
}