{
  "Root endpoint": {
    "average": 2.023625691731771,
    "min": 2.013495683670044,
    "max": 2.0293076038360596,
    "times": [
      2.0293076038360596,
      2.028073787689209,
      2.013495683670044
    ]
  },
  "Health check": {
    "average": 2.5170074303944907,
    "min": 2.3765125274658203,
    "max": 2.6092371940612793,
    "times": [
      2.565272569656372,
      2.3765125274658203,
      2.6092371940612793
    ]
  },
  "Projects API": {
    "average": 2.812514384587606,
    "min": 2.659233331680298,
    "max": 3.07289457321167,
    "times": [
      2.7054152488708496,
      3.07289457321167,
      2.659233331680298
    ]
  },
  "Original Recommendations": {
    "average": 2.5906205972035727,
    "min": 2.552004337310791,
    "max": 2.666611433029175,
    "times": [
      2.666611433029175,
      2.552004337310791,
      2.553246021270752
    ]
  },
  "Ultra-Fast Recommendations": {
    "average": 2.665753126144409,
    "min": 2.57259464263916,
    "max": 2.7529678344726562,
    "times": [
      2.57259464263916,
      2.671696901321411,
      2.7529678344726562
    ]
  }
}